section,meta_asset,meta_mode,meta_final_equity,meta_total_return_pct,meta_total_trades,meta_winrate,meta_sharpe,meta_max_dd,meta_max_dd_pct,meta_regime_changes,risk_expectancy_R,risk_avg_R_win,risk_avg_R_loss,risk_winrate_pct,risk_lossrate_pct,risk_mean_return_pct,risk_volatility_pct,risk_sortino,risk_mar,streaks_longest_win_streak,streaks_longest_loss_streak,regime_candles,regime_pnl,regime_pnl_pct,regime_trades,regime_winrate,regime_lossrate,regime_expectancy_R,regime_avg_R_win,regime_avg_R_loss
overall,XRPUSDT_1h,balanced,105.20071241077093,5.200712410770937,146.0,51.4,2.87,13.440965660684498,11.848423170945171,242.0,0.03925432962688069,0.6855033309275718,-0.643403066113286,51.369863013698634,48.63013698630137,0.25777009788318256,5.955017264843267,0.050091966733467136,0.44423831960000404,5.0,5.0,,,,,,,,,
regime_trending_down,,,,,,,,,,,,,,,,,,,,,,1847.0,0.5118081072231491,0.5118081072231491,48.0,50.0,50.0,0.014001989902537343,0.4550670810498083,-0.4270631012447336
regime_ranging,,,,,,,,,,,,,,,,,,,,,,4390.0,0.4930824625093534,0.4930824625093534,81.0,50.617283950617285,49.382716049382715,0.011579512832924521,0.8084905159695537,-0.8052542653821204
regime_trending_up,,,,,,,,,,,,,,,,,,,,,,1501.0,4.195821841038434,4.195821841038434,17.0,58.82352941176471,41.17647058823529,0.2424174159256402,0.7343028719620781,-0.46027609269784253
