section,meta_asset,meta_mode,meta_final_equity,meta_total_return_pct,meta_total_trades,meta_winrate,meta_sharpe,meta_max_dd,meta_max_dd_pct,meta_regime_changes,risk_expectancy_R,risk_avg_R_win,risk_avg_R_loss,risk_winrate_pct,risk_lossrate_pct,risk_mean_return_pct,risk_volatility_pct,risk_sortino,risk_mar,streaks_longest_win_streak,streaks_longest_loss_streak,regime_candles,regime_pnl,regime_pnl_pct,regime_trades,regime_winrate,regime_lossrate,regime_expectancy_R,regime_avg_R_win,regime_avg_R_loss
overall,ADAUSDT_1h,balanced,97.19164110920518,-2.8083588907948194,226.0,52.7,-0.8,9.217172723087998,8.780089474545578,242.0,-0.009682171402330575,0.5060561280604435,-0.5832602801506495,52.654867256637175,47.34513274336283,-0.06357959220863776,5.253563341796971,-0.013167175864395968,-0.32356699414898477,6.0,8.0,,,,,,,,,
regime_ranging,,,,,,,,,,,,,,,,,,,,,,4705.0,-1.9657503510025869,-1.9657503510025869,170.0,55.294117647058826,44.70588235294118,-0.007976659327287194,0.5090970241326743,-0.6475151625540817
regime_trending_down,,,,,,,,,,,,,,,,,,,,,,1778.0,-0.21301995669133234,-0.21301995669133234,44.0,50.0,50.0,-0.004525613863302191,0.45933815722345356,-0.46838938495005794
regime_trending_up,,,,,,,,,,,,,,,,,,,,,,1344.0,-0.6295885831009002,-0.6295885831009002,12.0,25.0,75.0,-0.05275097010855015,0.7533731706018024,-0.321459017012001
